0,https://www.reddit.com/r/collegeresults/comments/15fzrwl
1,https://www.reddit.com/r/collegeresults/comments/15f20uo
2,https://www.reddit.com/r/collegeresults/comments/15a8b0a
3,https://www.reddit.com/r/collegeresults/comments/1558omb
4,https://www.reddit.com/r/collegeresults/comments/154oeup
5,https://www.reddit.com/r/collegeresults/comments/152m5yj
6,https://www.reddit.com/r/collegeresults/comments/1526w0d
7,https://www.reddit.com/r/collegeresults/comments/151vqwq
8,https://www.reddit.com/r/collegeresults/comments/151uelh
9,https://www.reddit.com/r/collegeresults/comments/15110c8
10,https://www.reddit.com/r/collegeresults/comments/1509it3
11,https://www.reddit.com/r/collegeresults/comments/1500rfc
12,https://www.reddit.com/r/collegeresults/comments/14yd88p
13,https://www.reddit.com/r/collegeresults/comments/14y1rmc
14,https://www.reddit.com/r/collegeresults/comments/14xt73i
15,https://www.reddit.com/r/collegeresults/comments/14xewi5
16,https://www.reddit.com/r/collegeresults/comments/14xc98w
17,https://www.reddit.com/r/collegeresults/comments/14x0juf
18,https://www.reddit.com/r/collegeresults/comments/14wee70
19,https://www.reddit.com/r/collegeresults/comments/14wd5de
20,https://www.reddit.com/r/collegeresults/comments/14wcy7e
21,https://www.reddit.com/r/collegeresults/comments/14w9ne2
22,https://www.reddit.com/r/collegeresults/comments/14w4sr4
23,https://www.reddit.com/r/collegeresults/comments/14u4nkv
24,https://www.reddit.com/r/collegeresults/comments/14tbjd7
25,https://www.reddit.com/r/collegeresults/comments/14t8qlv
26,https://www.reddit.com/r/collegeresults/comments/14ssg8g
27,https://www.reddit.com/r/collegeresults/comments/14rb1ig
28,https://www.reddit.com/r/collegeresults/comments/14qvh45
29,https://www.reddit.com/r/collegeresults/comments/14qq6uk
30,https://www.reddit.com/r/collegeresults/comments/14qekb2
31,https://www.reddit.com/r/collegeresults/comments/14q13y2
32,https://www.reddit.com/r/collegeresults/comments/14p14vn
33,https://www.reddit.com/r/collegeresults/comments/14osahg
34,https://www.reddit.com/r/collegeresults/comments/14o9c78
35,https://www.reddit.com/r/collegeresults/comments/14o7pu9
36,https://www.reddit.com/r/collegeresults/comments/14o0vs3
37,https://www.reddit.com/r/collegeresults/comments/14ni5nm
38,https://www.reddit.com/r/collegeresults/comments/14nf3h9
39,https://www.reddit.com/r/collegeresults/comments/14mqxlm
40,https://www.reddit.com/r/collegeresults/comments/14lrztl
41,https://www.reddit.com/r/collegeresults/comments/14km29d
42,https://www.reddit.com/r/collegeresults/comments/14kemtm
43,https://www.reddit.com/r/collegeresults/comments/14k7umh
44,https://www.reddit.com/r/collegeresults/comments/14k69do
45,https://www.reddit.com/r/collegeresults/comments/14jzqkx
46,https://www.reddit.com/r/collegeresults/comments/14jyv9u
47,https://www.reddit.com/r/collegeresults/comments/14jxhww
48,https://www.reddit.com/r/collegeresults/comments/14jt764
49,https://www.reddit.com/r/collegeresults/comments/14j7aqu
50,https://www.reddit.com/r/collegeresults/comments/14iehxa
51,https://www.reddit.com/r/collegeresults/comments/14ic40p
52,https://www.reddit.com/r/collegeresults/comments/14i91vx
53,https://www.reddit.com/r/collegeresults/comments/14i6zyt
54,https://www.reddit.com/r/collegeresults/comments/14i5rou
55,https://www.reddit.com/r/collegeresults/comments/14hszp6
56,https://www.reddit.com/r/collegeresults/comments/14hqejy
57,https://www.reddit.com/r/collegeresults/comments/14hdh4y
58,https://www.reddit.com/r/collegeresults/comments/14h3c0i
59,https://www.reddit.com/r/collegeresults/comments/14gbsmh
60,https://www.reddit.com/r/collegeresults/comments/14fxf41
61,https://www.reddit.com/r/collegeresults/comments/14fwj2f
62,https://www.reddit.com/r/collegeresults/comments/14fqrbu
63,https://www.reddit.com/r/collegeresults/comments/14ffg01
64,https://www.reddit.com/r/collegeresults/comments/14esg52
65,https://www.reddit.com/r/collegeresults/comments/14eg1y2
66,https://www.reddit.com/r/collegeresults/comments/14duwoa
67,https://www.reddit.com/r/collegeresults/comments/14dbtqn
68,https://www.reddit.com/r/collegeresults/comments/14cb6bk
69,https://www.reddit.com/r/collegeresults/comments/14cb0np
70,https://www.reddit.com/r/collegeresults/comments/14c2uyv
71,https://www.reddit.com/r/collegeresults/comments/14bzyvm
72,https://www.reddit.com/r/collegeresults/comments/14bxlpd
73,https://www.reddit.com/r/collegeresults/comments/14bpp8v
74,https://www.reddit.com/r/collegeresults/comments/14ayprv
75,https://www.reddit.com/r/collegeresults/comments/14a72oh
76,https://www.reddit.com/r/collegeresults/comments/147t56y
77,https://www.reddit.com/r/collegeresults/comments/147p61q
78,https://www.reddit.com/r/collegeresults/comments/147hwak
79,https://www.reddit.com/r/collegeresults/comments/146gzfp
80,https://www.reddit.com/r/collegeresults/comments/146fnol
81,https://www.reddit.com/r/collegeresults/comments/144m898
82,https://www.reddit.com/r/collegeresults/comments/143wsua
83,https://www.reddit.com/r/collegeresults/comments/143pb4o
84,https://www.reddit.com/r/collegeresults/comments/1435vrs
85,https://www.reddit.com/r/collegeresults/comments/142tml1
86,https://www.reddit.com/r/collegeresults/comments/142apr5
87,https://www.reddit.com/r/collegeresults/comments/142akhy
88,https://www.reddit.com/r/collegeresults/comments/13zlhc9
89,https://www.reddit.com/r/collegeresults/comments/13z2j34
90,https://www.reddit.com/r/collegeresults/comments/13ywzt6
91,https://www.reddit.com/r/collegeresults/comments/13yw3cw
92,https://www.reddit.com/r/collegeresults/comments/13xsy11
93,https://www.reddit.com/r/collegeresults/comments/13xgyl2
94,https://www.reddit.com/r/collegeresults/comments/13x7xrs
95,https://www.reddit.com/r/collegeresults/comments/13wdskg
96,https://www.reddit.com/r/collegeresults/comments/13wdc3z
97,https://www.reddit.com/r/collegeresults/comments/13wb7cz
98,https://www.reddit.com/r/collegeresults/comments/13w8pzl
99,https://www.reddit.com/r/collegeresults/comments/13w1qky
100,https://www.reddit.com/r/collegeresults/comments/13vy2cg
101,https://www.reddit.com/r/collegeresults/comments/13vwrmt
102,https://www.reddit.com/r/collegeresults/comments/13vpova
103,https://www.reddit.com/r/collegeresults/comments/13vmdx4
104,https://www.reddit.com/r/collegeresults/comments/13va8de
105,https://www.reddit.com/r/collegeresults/comments/13v38cg
106,https://www.reddit.com/r/collegeresults/comments/13umbzn
107,https://www.reddit.com/r/collegeresults/comments/13uil9n
108,https://www.reddit.com/r/collegeresults/comments/13udc7p
109,https://www.reddit.com/r/collegeresults/comments/13ucbzx
110,https://www.reddit.com/r/collegeresults/comments/13uc8ol
111,https://www.reddit.com/r/collegeresults/comments/13trry1
112,https://www.reddit.com/r/collegeresults/comments/13tdw3s
113,https://www.reddit.com/r/collegeresults/comments/13tcfik
114,https://www.reddit.com/r/collegeresults/comments/13sx0o5
115,https://www.reddit.com/r/collegeresults/comments/13srrl6
116,https://www.reddit.com/r/collegeresults/comments/13s0h2s
117,https://www.reddit.com/r/collegeresults/comments/13rzr3r
118,https://www.reddit.com/r/collegeresults/comments/13rknsc
119,https://www.reddit.com/r/collegeresults/comments/13r9uv7
120,https://www.reddit.com/r/collegeresults/comments/13r965p
121,https://www.reddit.com/r/collegeresults/comments/13r5bps
122,https://www.reddit.com/r/collegeresults/comments/13r2vhy
123,https://www.reddit.com/r/collegeresults/comments/13qlqo2
124,https://www.reddit.com/r/collegeresults/comments/13qceqf
125,https://www.reddit.com/r/collegeresults/comments/13qby8o
126,https://www.reddit.com/r/collegeresults/comments/13phwyg
127,https://www.reddit.com/r/collegeresults/comments/13pfco3
128,https://www.reddit.com/r/collegeresults/comments/13oyaw5
129,https://www.reddit.com/r/collegeresults/comments/13ox81z
130,https://www.reddit.com/r/collegeresults/comments/13osoj7
131,https://www.reddit.com/r/collegeresults/comments/13oh1e8
132,https://www.reddit.com/r/collegeresults/comments/13obw24
133,https://www.reddit.com/r/collegeresults/comments/13o73vv
134,https://www.reddit.com/r/collegeresults/comments/13mc6s0
135,https://www.reddit.com/r/collegeresults/comments/13m9akh
136,https://www.reddit.com/r/collegeresults/comments/13m880i
137,https://www.reddit.com/r/collegeresults/comments/13m51w4
138,https://www.reddit.com/r/collegeresults/comments/13m1c8v
139,https://www.reddit.com/r/collegeresults/comments/13loe7u
140,https://www.reddit.com/r/collegeresults/comments/13lc7w8
141,https://www.reddit.com/r/collegeresults/comments/13lbxpy
142,https://www.reddit.com/r/collegeresults/comments/13jtlwy
143,https://www.reddit.com/r/collegeresults/comments/13ioaua
144,https://www.reddit.com/r/collegeresults/comments/13ilgku
145,https://www.reddit.com/r/collegeresults/comments/13ihy22
146,https://www.reddit.com/r/collegeresults/comments/13iemlt
147,https://www.reddit.com/r/collegeresults/comments/13ibo5d
148,https://www.reddit.com/r/collegeresults/comments/13htv35
149,https://www.reddit.com/r/collegeresults/comments/13hta1t
150,https://www.reddit.com/r/collegeresults/comments/13hspzd
151,https://www.reddit.com/r/collegeresults/comments/13hoz77
152,https://www.reddit.com/r/collegeresults/comments/13hik9h
153,https://www.reddit.com/r/collegeresults/comments/13gmygs
154,https://www.reddit.com/r/collegeresults/comments/13gidwu
155,https://www.reddit.com/r/collegeresults/comments/13g9509
156,https://www.reddit.com/r/collegeresults/comments/13frsle
157,https://www.reddit.com/r/collegeresults/comments/13fgh1u
158,https://www.reddit.com/r/collegeresults/comments/13feq63
159,https://www.reddit.com/r/collegeresults/comments/13f2gie
160,https://www.reddit.com/r/collegeresults/comments/13f1z2i
161,https://www.reddit.com/r/collegeresults/comments/13f1gq7
162,https://www.reddit.com/r/collegeresults/comments/13evlxw
163,https://www.reddit.com/r/collegeresults/comments/13efyd4
164,https://www.reddit.com/r/collegeresults/comments/13ebrsm
165,https://www.reddit.com/r/collegeresults/comments/13dznut
166,https://www.reddit.com/r/collegeresults/comments/13dz9m9
167,https://www.reddit.com/r/collegeresults/comments/13db29f
168,https://www.reddit.com/r/collegeresults/comments/13dawgw
169,https://www.reddit.com/r/collegeresults/comments/13d9n97
170,https://www.reddit.com/r/collegeresults/comments/13d6jpt
171,https://www.reddit.com/r/collegeresults/comments/13d04ky
172,https://www.reddit.com/r/collegeresults/comments/13cahus
173,https://www.reddit.com/r/collegeresults/comments/13bdqcm
174,https://www.reddit.com/r/collegeresults/comments/13b31zm
175,https://www.reddit.com/r/collegeresults/comments/13b14ke
176,https://www.reddit.com/r/collegeresults/comments/13b02tn
177,https://www.reddit.com/r/collegeresults/comments/13awytc
178,https://www.reddit.com/r/collegeresults/comments/13asls7
179,https://www.reddit.com/r/collegeresults/comments/13a5x0v
180,https://www.reddit.com/r/collegeresults/comments/139ww54
181,https://www.reddit.com/r/collegeresults/comments/139cztx
182,https://www.reddit.com/r/collegeresults/comments/1388q9n
183,https://www.reddit.com/r/collegeresults/comments/13819jr
184,https://www.reddit.com/r/collegeresults/comments/137zkm3
185,https://www.reddit.com/r/collegeresults/comments/137fnh4
186,https://www.reddit.com/r/collegeresults/comments/1365urd
187,https://www.reddit.com/r/collegeresults/comments/135wpxh
188,https://www.reddit.com/r/collegeresults/comments/135iuu3
189,https://www.reddit.com/r/collegeresults/comments/1359lmi
190,https://www.reddit.com/r/collegeresults/comments/1355tpu
191,https://www.reddit.com/r/collegeresults/comments/1355h9o
192,https://www.reddit.com/r/collegeresults/comments/134zybu
193,https://www.reddit.com/r/collegeresults/comments/134wtra
194,https://www.reddit.com/r/collegeresults/comments/134cwo4
195,https://www.reddit.com/r/collegeresults/comments/134cht5
196,https://www.reddit.com/r/collegeresults/comments/134bytu
197,https://www.reddit.com/r/collegeresults/comments/134b5go
198,https://www.reddit.com/r/collegeresults/comments/13422kc
199,https://www.reddit.com/r/collegeresults/comments/1340drg
200,https://www.reddit.com/r/collegeresults/comments/133zdhd
201,https://www.reddit.com/r/collegeresults/comments/133yxgc
202,https://www.reddit.com/r/collegeresults/comments/133h8tz
203,https://www.reddit.com/r/collegeresults/comments/133gmcg
204,https://www.reddit.com/r/collegeresults/comments/133d4f2
205,https://www.reddit.com/r/collegeresults/comments/133bl6v
206,https://www.reddit.com/r/collegeresults/comments/1332p64
207,https://www.reddit.com/r/collegeresults/comments/132zwjn
208,https://www.reddit.com/r/collegeresults/comments/132nm9q
209,https://www.reddit.com/r/collegeresults/comments/132jkdz
210,https://www.reddit.com/r/collegeresults/comments/132hoqu
211,https://www.reddit.com/r/collegeresults/comments/131yiw7
212,https://www.reddit.com/r/collegeresults/comments/131kxl7
213,https://www.reddit.com/r/collegeresults/comments/131ki83
214,https://www.reddit.com/r/collegeresults/comments/131k4qr
215,https://www.reddit.com/r/collegeresults/comments/131jdf8
216,https://www.reddit.com/r/collegeresults/comments/131equi
217,https://www.reddit.com/r/collegeresults/comments/130vhg7
218,https://www.reddit.com/r/collegeresults/comments/1305ahs
219,https://www.reddit.com/r/collegeresults/comments/12z16wn
220,https://www.reddit.com/r/collegeresults/comments/12yy04j
221,https://www.reddit.com/r/collegeresults/comments/12yquvo
222,https://www.reddit.com/r/collegeresults/comments/12yqsle
223,https://www.reddit.com/r/collegeresults/comments/12ymlc0
224,https://www.reddit.com/r/collegeresults/comments/12y6mmw
225,https://www.reddit.com/r/collegeresults/comments/12y5pqk
226,https://www.reddit.com/r/collegeresults/comments/12xtj3p
227,https://www.reddit.com/r/collegeresults/comments/12x96n6
228,https://www.reddit.com/r/collegeresults/comments/12ww68y
229,https://www.reddit.com/r/collegeresults/comments/12wvg14
230,https://www.reddit.com/r/collegeresults/comments/12wsy98
231,https://www.reddit.com/r/collegeresults/comments/12wkqlz
232,https://www.reddit.com/r/collegeresults/comments/12w6bk1
233,https://www.reddit.com/r/collegeresults/comments/12vyjj0
234,https://www.reddit.com/r/collegeresults/comments/12vvcul
235,https://www.reddit.com/r/collegeresults/comments/12vsa88
236,https://www.reddit.com/r/collegeresults/comments/12vnjo7
237,https://www.reddit.com/r/collegeresults/comments/12vbrva
238,https://www.reddit.com/r/collegeresults/comments/12uxwo7
239,https://www.reddit.com/r/collegeresults/comments/12uql36
240,https://www.reddit.com/r/collegeresults/comments/12ulswr
241,https://www.reddit.com/r/collegeresults/comments/12ujhyy
242,https://www.reddit.com/r/collegeresults/comments/12uby62
243,https://www.reddit.com/r/collegeresults/comments/12tr8d0
244,https://www.reddit.com/r/collegeresults/comments/12tjtf4
245,https://www.reddit.com/r/collegeresults/comments/12t7dcs
246,https://www.reddit.com/r/collegeresults/comments/12t5fcb
247,https://www.reddit.com/r/collegeresults/comments/12sou52
248,https://www.reddit.com/r/collegeresults/comments/12smwdj
249,https://www.reddit.com/r/collegeresults/comments/12slo1j
250,https://www.reddit.com/r/collegeresults/comments/12sbxpk
251,https://www.reddit.com/r/collegeresults/comments/12ri8ru
252,https://www.reddit.com/r/collegeresults/comments/12refi6
253,https://www.reddit.com/r/collegeresults/comments/12re4qo
254,https://www.reddit.com/r/collegeresults/comments/12rd7s5
255,https://www.reddit.com/r/collegeresults/comments/12raw92
256,https://www.reddit.com/r/collegeresults/comments/12r82rs
257,https://www.reddit.com/r/collegeresults/comments/12qux2v
258,https://www.reddit.com/r/collegeresults/comments/12qq2gg
259,https://www.reddit.com/r/collegeresults/comments/12q93kd
260,https://www.reddit.com/r/collegeresults/comments/12q37yp
261,https://www.reddit.com/r/collegeresults/comments/12q2962
262,https://www.reddit.com/r/collegeresults/comments/12q0w4l
263,https://www.reddit.com/r/collegeresults/comments/12q0euw
264,https://www.reddit.com/r/collegeresults/comments/12pz57q
265,https://www.reddit.com/r/collegeresults/comments/12px8bs
266,https://www.reddit.com/r/collegeresults/comments/12prz4z
267,https://www.reddit.com/r/collegeresults/comments/12pm447
268,https://www.reddit.com/r/collegeresults/comments/12pf3gx
269,https://www.reddit.com/r/collegeresults/comments/12p4plt
270,https://www.reddit.com/r/collegeresults/comments/12p2c4g
271,https://www.reddit.com/r/collegeresults/comments/12oyzkl
272,https://www.reddit.com/r/collegeresults/comments/12ox85h
273,https://www.reddit.com/r/collegeresults/comments/12owadz
274,https://www.reddit.com/r/collegeresults/comments/12orxzi
275,https://www.reddit.com/r/collegeresults/comments/12orps5
276,https://www.reddit.com/r/collegeresults/comments/12oqzxb
277,https://www.reddit.com/r/collegeresults/comments/12oqzeb
278,https://www.reddit.com/r/collegeresults/comments/12oqtj7
279,https://www.reddit.com/r/collegeresults/comments/12opvlz
280,https://www.reddit.com/r/collegeresults/comments/12op3mp
281,https://www.reddit.com/r/collegeresults/comments/12onqsm
282,https://www.reddit.com/r/collegeresults/comments/12okt7p
283,https://www.reddit.com/r/collegeresults/comments/12ohpwa
284,https://www.reddit.com/r/collegeresults/comments/12ofrcf
285,https://www.reddit.com/r/collegeresults/comments/12ofeuk
286,https://www.reddit.com/r/collegeresults/comments/12oeyka
287,https://www.reddit.com/r/collegeresults/comments/12ocll3
288,https://www.reddit.com/r/collegeresults/comments/12oa3tn
289,https://www.reddit.com/r/collegeresults/comments/12o989j
290,https://www.reddit.com/r/collegeresults/comments/12o7xih
291,https://www.reddit.com/r/collegeresults/comments/12o40y7
292,https://www.reddit.com/r/collegeresults/comments/12o26g7
293,https://www.reddit.com/r/collegeresults/comments/12o037m
294,https://www.reddit.com/r/collegeresults/comments/12nwe9m
295,https://www.reddit.com/r/collegeresults/comments/12nvqja
296,https://www.reddit.com/r/collegeresults/comments/12nvee2
297,https://www.reddit.com/r/collegeresults/comments/12nqe7m
298,https://www.reddit.com/r/collegeresults/comments/12nqdwo
299,https://www.reddit.com/r/collegeresults/comments/12no9er
300,https://www.reddit.com/r/collegeresults/comments/12nnewq
301,https://www.reddit.com/r/collegeresults/comments/12nlyq2
302,https://www.reddit.com/r/collegeresults/comments/12nk86i
303,https://www.reddit.com/r/collegeresults/comments/12nfkqv
304,https://www.reddit.com/r/collegeresults/comments/12nfbp9
305,https://www.reddit.com/r/collegeresults/comments/12nefhw
306,https://www.reddit.com/r/collegeresults/comments/12nbzat
307,https://www.reddit.com/r/collegeresults/comments/12n6sjr
308,https://www.reddit.com/r/collegeresults/comments/12n6mrl
309,https://www.reddit.com/r/collegeresults/comments/12n30ik
310,https://www.reddit.com/r/collegeresults/comments/12n2ohd
311,https://www.reddit.com/r/collegeresults/comments/12mj0u4
312,https://www.reddit.com/r/collegeresults/comments/12mi3mz
313,https://www.reddit.com/r/collegeresults/comments/12mgusd
314,https://www.reddit.com/r/collegeresults/comments/12mgj8u
315,https://www.reddit.com/r/collegeresults/comments/12mg3cz
316,https://www.reddit.com/r/collegeresults/comments/12mfvjb
317,https://www.reddit.com/r/collegeresults/comments/12mdcdb
318,https://www.reddit.com/r/collegeresults/comments/12m3i9y
319,https://www.reddit.com/r/collegeresults/comments/12m2pfy
320,https://www.reddit.com/r/collegeresults/comments/12lxukg
321,https://www.reddit.com/r/collegeresults/comments/12lnwxy
322,https://www.reddit.com/r/collegeresults/comments/12lh7io
323,https://www.reddit.com/r/collegeresults/comments/12lfshb
324,https://www.reddit.com/r/collegeresults/comments/12ledj7
325,https://www.reddit.com/r/collegeresults/comments/12lcy18
326,https://www.reddit.com/r/collegeresults/comments/12lboo1
327,https://www.reddit.com/r/collegeresults/comments/12l9q41
328,https://www.reddit.com/r/collegeresults/comments/12l99w2
329,https://www.reddit.com/r/collegeresults/comments/12l696w
330,https://www.reddit.com/r/collegeresults/comments/12l4dl4
331,https://www.reddit.com/r/collegeresults/comments/12kg6o9
332,https://www.reddit.com/r/collegeresults/comments/12kb39q
333,https://www.reddit.com/r/collegeresults/comments/12kaq2z
334,https://www.reddit.com/r/collegeresults/comments/12k8v0q
335,https://www.reddit.com/r/collegeresults/comments/12jzw6n
336,https://www.reddit.com/r/collegeresults/comments/12jxvhn
337,https://www.reddit.com/r/collegeresults/comments/12jx4tz
338,https://www.reddit.com/r/collegeresults/comments/12jspxx
339,https://www.reddit.com/r/collegeresults/comments/12jk4sf
340,https://www.reddit.com/r/collegeresults/comments/12j55qs
